{"cameraMode":{"drawMode":0,"name":"Shaded","section":"Shading Mode"},"sceneLighting":false,"audioPlay":false,"sceneViewState":{"showFog":true,"showMaterialUpdate":false,"showSkybox":false,"showFlares":true,"showImageEffects":true,"showParticleSystems":true},"in2DMode":false,"pivot":{"x":-15.870738983154297,"y":4.361624717712402,"z":-4.333819389343262},"rotation":{"x":0.002689595799893141,"y":-0.09139730036258698,"z":0.005439043045043945,"w":-0.9976077079772949},"size":0.5911213755607605,"orthographic":false}